{
  "base_bonus": 0.6,
  "rouge_l_score": 52.38200640604559,
  "dataset_used": "it_domain_val_dataset2.csv (Oracle from PDFs)",
  "all_results": {
    "0.55": 52.35416189486775,
    "0.6": 52.38200640604559,
    "0.65": 52.38200640604559,
    "0.7": 52.38200640604559,
    "0.75": 52.38200640604559,
    "0.8": 52.38200640604559
  }
}